title,author,coverUrl,openLibraryId,url
"#Girlboss","Sophia Amoruso","https://covers.openlibrary.org/b/id/7852153-L.jpg","OL26283758W","https://openlibrary.org/works/OL26283758W"
"102 Minutes: The Untold Story of the Fight to Survive Inside the Twin Towers","Jim  Dwyer","https://covers.openlibrary.org/b/id/8004065-L.jpg","",""
"11/22/63","Stephen  King","https://covers.openlibrary.org/b/id/14652974-L.jpg","",""
"12 Rules for Life: An Antidote to Chaos","Jordan B. Peterson","https://covers.openlibrary.org/b/id/14394063-L.jpg","",""
"1984","George Orwell","https://covers.openlibrary.org/b/id/8745958-L.jpg","OL11326416W","https://openlibrary.org/works/OL11326416W"
"2 B R 0 2 B","Kurt Vonnegut Jr.","https://covers.openlibrary.org/b/id/13171869-L.jpg","OL39697982W","https://openlibrary.org/works/OL39697982W"
"96 Words for Love","Rachel  Roy","https://covers.openlibrary.org/b/id/8796653-L.jpg","",""
"A Bargain for Frances","Russell Hoban","https://covers.openlibrary.org/b/id/39109-L.jpg","OL74249W","https://openlibrary.org/works/OL74249W"
"A Beautifully Foolish Endeavor","Hank Green","https://covers.openlibrary.org/b/id/10198808-L.jpg","OL20876521W","https://openlibrary.org/works/OL20876521W"
"A Calamity of Souls","David Baldacci","https://covers.openlibrary.org/b/id/14574039-L.jpg","",""
"A Column of Fire","Ken Follett","https://covers.openlibrary.org/b/id/8465187-L.jpg","OL17788230W","https://openlibrary.org/works/OL17788230W"
"A Confederacy of Dunces","John Kennedy Toole","https://books.google.com/books/content?id=arZACPpQop4C&printsec=frontcover&img=1&zoom=2&source=gbs_api","",""
"A Confession","Bogdan Baran","https://covers.openlibrary.org/b/id/10467459-L.jpg","",""
"A Court of Frost and Starlight","Sarah J. Maas","https://covers.openlibrary.org/b/id/8569939-L.jpg","OL19655889W","https://openlibrary.org/works/OL19655889W"
"A Court of Mist and Fury","Sarah J. Maas","https://covers.openlibrary.org/b/id/14315081-L.jpg","OL17860744W","https://openlibrary.org/works/OL17860744W"
"A Court of Thorns and Roses","Sarah J. Maas","https://covers.openlibrary.org/b/id/8738585-L.jpg","OL17352669W","https://openlibrary.org/works/OL17352669W"
"A Court of Wings and Ruin","Sarah J. Maas","https://covers.openlibrary.org/b/id/8506724-L.jpg","",""
"A Dance with Dragons","George R.R. Martin","https://covers.openlibrary.org/b/id/11298743-L.jpg","OL1955906W","https://openlibrary.org/works/OL1955906W"
"A Darker Shade of Magic","Victoria Schwab","https://covers.openlibrary.org/b/id/13536323-L.jpg","",""
"A Day No Pigs Would Die","Robert Newton Peck","https://covers.openlibrary.org/b/id/-1-L.jpg","",""
"A Demon Bound","Debra Dunbar","https://covers.openlibrary.org/b/id/8458872-L.jpg","OL19347438W","https://openlibrary.org/works/OL19347438W"
"A Discovery of Witches","Deborah Harkness","https://covers.openlibrary.org/b/id/15095779-L.jpg","",""
"A Dowry of Blood","S.T. Gibson","https://covers.openlibrary.org/b/id/13028921-L.jpg","",""
"A Farewell to Arms","Ernest Hemingway","https://covers.openlibrary.org/b/id/14527346-L.jpg","",""
"A Fine Balance","Rohinton Mistry","https://covers.openlibrary.org/b/id/8348310-L.jpg","OL2980902W","https://openlibrary.org/works/OL2980902W"
"A Fistful of Charms","Kim Harrison","https://covers.openlibrary.org/b/id/8649559-L.jpg","",""
"A Game of Thrones","George R.R. Martin","https://covers.openlibrary.org/b/id/373448-L.jpg","",""
"A Gentleman in Moscow","Amor Towles","https://covers.openlibrary.org/b/id/11326818-L.jpg","OL17797130W","https://openlibrary.org/works/OL17797130W"
"A Good Enough Mother","Bev Thomas","https://covers.openlibrary.org/b/id/10869317-L.jpg","",""
"A Good Girl's Guide to Murder","Holly  Jackson","https://covers.openlibrary.org/b/id/14839805-L.jpg","",""
"A Head Full of Ghosts","Paul Tremblay","https://covers.openlibrary.org/b/id/12170125-L.jpg","",""
"A Hunter-Gatherer's Guide to the 21st Century: Evolution and the Challenges of Modern Life","Heather E. Heying","https://books.google.com/books/content?id=RMIXEAAAQBAJ&printsec=frontcover&img=1&zoom=2&edge=curl&source=gbs_api","",""
"A Kingdom of Flesh and Fire","Jennifer L. Armentrout","https://covers.openlibrary.org/b/id/10360316-L.jpg","OL21330193W","https://openlibrary.org/works/OL21330193W"
"A Kiss of Shadows","Laurell K. Hamilton","https://covers.openlibrary.org/b/id/212324-L.jpg","",""
"A Language of Dragons","S.F. Williamson","https://books.google.com/books/content?id=jMuq0AEACAAJ&printsec=frontcover&img=1&zoom=2&source=gbs_api","",""
"A Light in the Attic","Shel Silverstein","https://covers.openlibrary.org/b/id/6806998-L.jpg","",""
"A Limited Run","Karen McQuestion","https://books.google.com/books/content?id=MBpEzwEACAAJ&printsec=frontcover&img=1&zoom=2&source=gbs_api","",""
"A Little Life","Hanya Yanagihara","https://covers.openlibrary.org/b/id/14841606-L.jpg","",""
"A Local Habitation","Seanan McGuire","https://covers.openlibrary.org/b/id/6303502-L.jpg","",""
"A Man Called Ove","Henning Koch","https://covers.openlibrary.org/b/id/7437001-L.jpg","",""
"A March of Kings","Morgan Rice","https://covers.openlibrary.org/b/id/8524094-L.jpg","",""
"A Midsummer Night’s Dream","Barbara A. Mowat","https://covers.openlibrary.org/b/id/9069520-L.jpg","",""
"A Monster Calls","Siobhan Dowd","https://covers.openlibrary.org/b/id/7011713-L.jpg","OL16341254W","https://openlibrary.org/works/OL16341254W"
"A Month of Sundays","Liz Byrski","https://covers.openlibrary.org/b/id/10157321-L.jpg","OL20846984W","https://openlibrary.org/works/OL20846984W"
"A Most Puzzling Murder","Bianca Marais","https://books.google.com/books/content?id=r0Gy0AEACAAJ&printsec=frontcover&img=1&zoom=2&source=gbs_api","",""
"A Mother's Reckoning: Living in the Aftermath of Tragedy","Sue Klebold","https://books.google.com/books/content?id=yfnbDQAAQBAJ&printsec=frontcover&img=1&zoom=2&edge=curl&source=gbs_api","",""
"A Perfect Blood","Kim Harrison","https://covers.openlibrary.org/b/id/9955574-L.jpg","",""
"A Portrait of the Artist as a Young Man","James Joyce","https://covers.openlibrary.org/b/id/9328449-L.jpg","",""
"A Prayer for Owen Meany","John Irving","https://covers.openlibrary.org/b/id/8344967-L.jpg","",""
"A Quest of Heroes","Morgan Rice","https://covers.openlibrary.org/b/id/7288673-L.jpg","OL17046858W","https://openlibrary.org/works/OL17046858W"
"A Rage in Harlem","Chester Himes","https://books.google.com/books/content?id=n1cSAQAAMAAJ&printsec=frontcover&img=1&zoom=2&source=gbs_api","",""
"A Second Chance","Shayne Parkinson","https://covers.openlibrary.org/b/id/10239211-L.jpg","OL20901146W","https://openlibrary.org/works/OL20901146W"
"A Separate Peace","John Knowles","https://covers.openlibrary.org/b/id/370384-L.jpg","OL4324502W","https://openlibrary.org/works/OL4324502W"
"A Storm of Swords","George R.R. Martin","https://covers.openlibrary.org/b/id/15124196-L.jpg","OL257914W","https://openlibrary.org/works/OL257914W"
"A Stranger on the Beach","Michele Campbell","https://books.google.com/books/content?id=to1xDwAAQBAJ&printsec=frontcover&img=1&zoom=2&edge=curl&source=gbs_api","",""
"A Suitable Boy","Vikram Seth","https://books.google.com/books/content?id=yxLp8VwXpZgC&printsec=frontcover&img=1&zoom=2&edge=curl&source=gbs_api","",""
"A Tale of Two Cities","Charles Dickens","https://covers.openlibrary.org/b/id/8493695-L.jpg","",""
"A Talent for Murder","Peter  Swanson","https://covers.openlibrary.org/b/id/14631023-L.jpg","",""
"A Thousand Ships","Natalie Haynes","https://covers.openlibrary.org/b/id/10582386-L.jpg","",""
"A Thousand Splendid Suns","Khaled Hosseini","https://books.google.com/books/content?id=uc-fS0Lkdq8C&printsec=frontcover&img=1&zoom=2&edge=curl&source=gbs_api","",""
"A Tip for the Hangman","Allison Epstein","https://covers.openlibrary.org/b/id/12739900-L.jpg","",""
"A Torch Against the Night","Sabaa Tahir","https://covers.openlibrary.org/b/id/8904785-L.jpg","OL20033776W","https://openlibrary.org/works/OL20033776W"
"A Tree Grows in Brooklyn","Betty  Smith","https://covers.openlibrary.org/b/id/14559633-L.jpg","",""
"A Twist in the Tale","Jeffrey Archer","https://covers.openlibrary.org/b/id/183809-L.jpg","",""
"A Very Large Expanse of Sea","Tahereh Mafi","https://covers.openlibrary.org/b/id/9242462-L.jpg","",""
"A Woman Is No Man","Etaf Rum","https://covers.openlibrary.org/b/id/8797803-L.jpg","",""
"A Woman of No Importance: The Untold Story of the American Spy Who Helped Win World War II","Sonia Purnell","https://books.google.com/books/content?id=LJBfDwAAQBAJ&printsec=frontcover&img=1&zoom=2&edge=curl&source=gbs_api","",""
"A Wrinkle in Time","Madeleine L'Engle","https://covers.openlibrary.org/b/id/15166378-L.jpg","",""
"A ​Court of Silver Flames","Sarah J. Maas","https://covers.openlibrary.org/b/id/10643508-L.jpg","OL21703979W","https://openlibrary.org/works/OL21703979W"
"About the Night","Anat Talshir","https://covers.openlibrary.org/b/id/10294456-L.jpg","OL20922739W","https://openlibrary.org/works/OL20922739W"
"Absolution","Alice McDermott","https://covers.openlibrary.org/b/id/14398992-L.jpg","",""
"Accidental Presidents: Eight Men Who Changed America","Jared Cohen","https://covers.openlibrary.org/b/id/8798529-L.jpg","",""
"Across Both Sides of the Mirror","Bianca Pensy Aba","https://covers.openlibrary.org/b/isbn/9798218153724-L.jpg","",""
"Act of Mercy","Mandy M. Roth","https://covers.openlibrary.org/b/id/8742040-L.jpg","OL19920947W","https://openlibrary.org/works/OL19920947W"
"Acts of Violet","Margarita Montimore","https://covers.openlibrary.org/b/id/12817974-L.jpg","",""
"Addiction and Grace: Exploring the Psychology of Addiction, the Power of Spirituality, and the Path to Freedom Through Contemplative Practices","Gerald G. May","https://covers.openlibrary.org/b/id/45765-L.jpg","",""
"Adnan's Story: The Search for Truth and Justice After Serial","Rabia Chaudry","https://books.google.com/books/content?id=BU4BCwAAQBAJ&printsec=frontcover&img=1&zoom=2&edge=curl&source=gbs_api","",""
"Adults","Emma Jane Unsworth","https://covers.openlibrary.org/b/id/12502073-L.jpg","OL20745344W","https://openlibrary.org/works/OL20745344W"
"After All I've Done","Mina Hardy","https://covers.openlibrary.org/b/id/10511424-L.jpg","OL21902936W","https://openlibrary.org/works/OL21902936W"
"After Anna","Lisa Scottoline","https://covers.openlibrary.org/b/id/9483002-L.jpg","OL19732576W","https://openlibrary.org/works/OL19732576W"
"After You","Jojo Moyes","https://covers.openlibrary.org/b/id/8118938-L.jpg","OL17364681W","https://openlibrary.org/works/OL17364681W"
"Agnes at the End of the World","Kelly McWilliams","https://covers.openlibrary.org/b/id/10175281-L.jpg","",""
"Alas, Babylon","Pat Frank","https://covers.openlibrary.org/b/id/2540438-L.jpg","OL2003035W","https://openlibrary.org/works/OL2003035W"
"Alexander and the Terrible, Horrible, No Good, Very Bad Day","Judith Viorst","https://covers.openlibrary.org/b/id/433572-L.jpg","",""
"Alice’s Adventures in Wonderland / Through the Looking-Glass","Lewis Carroll","https://covers.openlibrary.org/b/id/10527372-L.jpg","OL151411W","https://openlibrary.org/works/OL151411W"
"Alive: The Story of the Andes Survivors","Piers Paul Read","https://covers.openlibrary.org/b/isbn/9780380003211-L.jpg","",""
"All I Want is Everything","Cecily von Ziegesar","https://books.google.com/books/content?id=aTw3vdPW-PAC&printsec=frontcover&img=1&zoom=2&source=gbs_api","",""
"All Secure: One Delta Force Operator's Fight From the Battlefield to the Homefront","Tom Satterly","https://covers.openlibrary.org/b/id/10100484-L.jpg","",""
"All Systems Red","Martha Wells","https://covers.openlibrary.org/b/id/9157148-L.jpg","OL17914663W","https://openlibrary.org/works/OL17914663W"
"All These Beautiful Strangers","Elizabeth Klehfoth","https://covers.openlibrary.org/b/id/9252232-L.jpg","OL19746420W","https://openlibrary.org/works/OL19746420W"
"All These Bodies","Kendare Blake","https://covers.openlibrary.org/b/id/11380634-L.jpg","",""
"All This I Will Give to You","Dolores Redondo","https://covers.openlibrary.org/b/id/9214781-L.jpg","OL20572704W","https://openlibrary.org/works/OL20572704W"
"All the Bad Apples","Moïra Fowley-Doyle","https://covers.openlibrary.org/b/id/8789912-L.jpg","OL20142366W","https://openlibrary.org/works/OL20142366W"
"All the Colors of the Dark","Chris  Whitaker","https://covers.openlibrary.org/b/id/14643105-L.jpg","",""
"All the Crooked Saints","Maggie Stiefvater","https://covers.openlibrary.org/b/id/8770063-L.jpg","",""
"All the Light We Cannot See","Anthony Doerr","https://covers.openlibrary.org/b/id/14847382-L.jpg","",""
"All the Missing Girls","Megan Miranda","https://covers.openlibrary.org/b/id/10936198-L.jpg","OL20060401W","https://openlibrary.org/works/OL20060401W"
"All the Stars in the Sky","Sarah Lyons Fleming","https://covers.openlibrary.org/b/id/13907365-L.jpg","OL34965795W","https://openlibrary.org/works/OL34965795W"
"Allegiant","Veronica Roth","https://covers.openlibrary.org/b/id/10528095-L.jpg","",""
"Alpha & Omega","Patricia Briggs","https://covers.openlibrary.org/b/id/7087722-L.jpg","OL16361381W","https://openlibrary.org/works/OL16361381W"
"Altered","Rob Kaufman","https://covers.openlibrary.org/b/id/14704315-L.jpg","OL29205945W","https://openlibrary.org/works/OL29205945W"
"Altered Carbon","Richard K. Morgan","https://covers.openlibrary.org/b/id/210813-L.jpg","",""
"American Demon","Kim Harrison","https://covers.openlibrary.org/b/id/10207097-L.jpg","",""
"American Dirt","Jeanine Cummins","https://covers.openlibrary.org/b/id/9255156-L.jpg","OL20639181W","https://openlibrary.org/works/OL20639181W"
"American Gods: Tenth Anniversary","Neil Gaiman","https://books.google.com/books/content?id=ryCGrxr7z98C&printsec=frontcover&img=1&zoom=2&edge=curl&source=gbs_api","",""
"American Idolatry: How Christian Nationalism Betrays the Gospel and Threatens the Church","Andrew L. Whitehead","https://books.google.com/books/content?id=cJGYEAAAQBAJ&printsec=frontcover&img=1&zoom=2&edge=curl&source=gbs_api","",""
"American Predator: The Hunt for the Most Meticulous Serial Killer of the 21st Century","Maureen Callahan","https://books.google.com/books/content?id=2uV8DwAAQBAJ&printsec=frontcover&img=1&zoom=2&edge=curl&source=gbs_api","",""
"Among the Missing: An Anecdotal History of Missing Persons from 1800 to the Present","Jay Robert Nash","https://covers.openlibrary.org/b/id/11588402-L.jpg","",""
"An Absolutely Remarkable Thing","Hank Green","https://covers.openlibrary.org/b/id/8565416-L.jpg","",""
"An American Princess: The Many Lives of Allene Tew","Annejet van der Zijl","https://covers.openlibrary.org/b/isbn/9781542099745-L.jpg","",""
"An Anonymous Girl","Greer Hendricks","https://covers.openlibrary.org/b/id/8670357-L.jpg","",""
"An Echo in the Bone","Diana Gabaldon","https://covers.openlibrary.org/b/id/10864620-L.jpg","",""
"An Ember in the Ashes","Sabaa Tahir","https://covers.openlibrary.org/b/id/14559692-L.jpg","OL17786115W","https://openlibrary.org/works/OL17786115W"
"An Ocean of Minutes","Thea Lim","https://covers.openlibrary.org/b/id/8787700-L.jpg","OL20138998W","https://openlibrary.org/works/OL20138998W"
"Anatomy: A Love Story","Dana Schwartz","https://books.google.com/books/content?id=LTArEAAAQBAJ&printsec=frontcover&img=1&zoom=2&edge=curl&source=gbs_api","",""
"And After","Sarah Lyons Fleming","https://covers.openlibrary.org/b/id/12619303-L.jpg","OL27290797W","https://openlibrary.org/works/OL27290797W"
"And I Darken","Kiersten White","https://covers.openlibrary.org/b/id/8458313-L.jpg","OL19346631W","https://openlibrary.org/works/OL19346631W"
"And Then She Was Gone","Christopher Greyson","https://covers.openlibrary.org/b/id/11984048-L.jpg","OL25291862W","https://openlibrary.org/works/OL25291862W"
"And the Mountains Echoed","Khaled Hosseini","https://covers.openlibrary.org/b/id/7258558-L.jpg","OL16804912W","https://openlibrary.org/works/OL16804912W"
"And to Think That I Saw It on Mulberry Street","Dr. Seuss","https://covers.openlibrary.org/b/id/11873-L.jpg","",""
"Angel of Chaos","Debra Dunbar","https://covers.openlibrary.org/b/id/8536236-L.jpg","OL26602757W","https://openlibrary.org/works/OL26602757W"
"Angelfall","Susan Ee","https://covers.openlibrary.org/b/id/8662423-L.jpg","",""
"Angels & Demons","Dan    Brown","https://covers.openlibrary.org/b/id/10578354-L.jpg","",""
"Angels' Blood","Nalini Singh","https://covers.openlibrary.org/b/id/6303237-L.jpg","",""
"Angry Betty","Jamie Lee Scott","https://covers.openlibrary.org/b/id/11447072-L.jpg","OL24719398W","https://openlibrary.org/works/OL24719398W"
"Animal Farm","Ann Patchett","https://covers.openlibrary.org/b/id/11261770-L.jpg","",""
"Another Broken Wizard","Colin Dodds","https://covers.openlibrary.org/b/id/12801807-L.jpg","",""
"Anxious People","Fredrik Backman","https://covers.openlibrary.org/b/id/10087939-L.jpg","OL20793817W","https://openlibrary.org/works/OL20793817W"
"Apeirogon","Colum McCann","https://covers.openlibrary.org/b/id/12389526-L.jpg","OL22163654W","https://openlibrary.org/works/OL22163654W"
"Appalachian Song","Michelle Shocklee","https://books.google.com/books/content?id=JMOszwEACAAJ&printsec=frontcover&img=1&zoom=2&source=gbs_api","OL36715667W","https://openlibrary.org/works/OL36715667W"
"Are You There God? It’s Me, Margaret","Judy Blume","https://covers.openlibrary.org/b/id/8749989-L.jpg","",""
"Arianna Rose","Jennifer Martucci","https://covers.openlibrary.org/b/id/9008521-L.jpg","OL20343565W","https://openlibrary.org/works/OL20343565W"
"Aristotle and Dante Discover the Secrets of the Universe","Benjamin Alire Sáenz","https://covers.openlibrary.org/b/id/13125906-L.jpg","",""
"Ask Again, Yes","Mary Beth Keane","https://covers.openlibrary.org/b/id/8755935-L.jpg","",""
"Assuming Names: A Con Artist's Masquerade","Tanya Thompson","https://covers.openlibrary.org/b/isbn/9781311789785-L.jpg","",""
"At Grave's End","Jeaniene Frost","https://covers.openlibrary.org/b/id/6308476-L.jpg","",""
"At Night We Walk in Circles","Daniel Alarcón","https://covers.openlibrary.org/b/id/7865374-L.jpg","",""
"At the End of Every Day","Arianna  Reiche","https://covers.openlibrary.org/b/id/13470036-L.jpg","",""
"At the Water's Edge","Sara Gruen","https://covers.openlibrary.org/b/id/14823689-L.jpg","",""
"Atlas Shrugged","Ayn Rand","https://covers.openlibrary.org/b/id/296148-L.jpg","",""
"Atonement","Ian McEwan","https://covers.openlibrary.org/b/id/8381043-L.jpg","OL1855944W","https://openlibrary.org/works/OL1855944W"
"Attached: The New Science of Adult Attachment and How It Can Help You Find—and Keep—Love","Amir Levine","https://covers.openlibrary.org/b/id/8620497-L.jpg","",""
"Aurora Rising","Amie Kaufman","https://covers.openlibrary.org/b/id/8807574-L.jpg","",""
"Authentic Happiness: Using the New Positive Psychology to Realize Your Potential for Lasting Fulfillment","Martin E.P. Seligman","https://covers.openlibrary.org/b/id/15159963-L.jpg","",""
"Awake at Dawn","C.C. Hunter","https://covers.openlibrary.org/b/id/12712888-L.jpg","",""
"Awakening","Cate Tiernan","https://covers.openlibrary.org/b/id/109836-L.jpg","",""
"Babel","R.F. Kuang","https://covers.openlibrary.org/b/id/14573249-L.jpg","",""
"Baby Teeth","Zoje Stage","https://covers.openlibrary.org/b/id/10138208-L.jpg","OL19763915W","https://openlibrary.org/works/OL19763915W"
"Bad Blood: Secrets and Lies in a Silicon Valley Startup","John Carreyrou","https://books.google.com/books/content?id=CcJFDwAAQBAJ&printsec=frontcover&img=1&zoom=2&edge=curl&source=gbs_api","OL27695113W","https://openlibrary.org/works/OL27695113W"
"Be the Girl","K.A. Tucker","https://covers.openlibrary.org/b/id/9328379-L.jpg","OL34559409W","https://openlibrary.org/works/OL34559409W"
"Beach Read","Emily Henry","https://covers.openlibrary.org/b/id/9426296-L.jpg","",""
"Beartown","Neil Smith","https://covers.openlibrary.org/b/id/11202500-L.jpg","",""
"Because of Winn-Dixie","Kate DiCamillo","https://covers.openlibrary.org/b/id/7271224-L.jpg","",""
"Becoming","Michelle Obama","https://covers.openlibrary.org/b/id/12983462-L.jpg","",""
"Becoming Free Indeed: My Story of Disentangling Faith from Fear","Jinger Duggar Vuolo","https://books.google.com/books/content?id=WuKLEAAAQBAJ&printsec=frontcover&img=1&zoom=2&edge=curl&source=gbs_api","",""
"Becoming Mrs. Lewis","Patti Callahan Henry","https://covers.openlibrary.org/b/id/8842780-L.jpg","OL19754707W","https://openlibrary.org/works/OL19754707W"
"Bedtime for Frances","Garth Williams","https://covers.openlibrary.org/b/id/15138706-L.jpg","",""
"Beezus and Ramona","Beverly Cleary","https://covers.openlibrary.org/b/id/117386-L.jpg","",""
"Before I Fall","Lauren Oliver","https://covers.openlibrary.org/b/id/8066987-L.jpg","",""
"Before She Knew Him","Peter  Swanson","https://covers.openlibrary.org/b/id/8797434-L.jpg","OL20152738W","https://openlibrary.org/works/OL20152738W"
"Before We Were Innocent","Ella Berman","https://covers.openlibrary.org/b/id/13299661-L.jpg","OL28732666W","https://openlibrary.org/works/OL28732666W"
"Before We Were Yours","Lisa Wingate","https://covers.openlibrary.org/b/id/8315369-L.jpg","",""
"Before the Coffee Gets Cold","Toshikazu Kawaguchi","https://covers.openlibrary.org/b/id/10138333-L.jpg","",""
"Before, During, After","Richard Bausch","https://covers.openlibrary.org/b/id/11555621-L.jpg","",""
"Behind Closed Doors","B.A. Paris","https://covers.openlibrary.org/b/id/9802299-L.jpg","",""
"Being Mortal: Medicine and What Matters in the End","Atul Gawande","https://covers.openlibrary.org/b/id/12024544-L.jpg","",""
"Belle Chasse","Suzanne  Johnson","https://covers.openlibrary.org/b/id/11520837-L.jpg","",""
"Belle Cora","Phillip Margulies","https://covers.openlibrary.org/b/isbn/0385532768-L.jpg","",""
"Beowulf","Unknown","https://covers.openlibrary.org/b/id/14653911-L.jpg","OL38944809W","https://openlibrary.org/works/OL38944809W"
"Best Kept Secret","Jeffrey Archer","https://covers.openlibrary.org/b/id/11279254-L.jpg","OL17043106W","https://openlibrary.org/works/OL17043106W"
"Best of Friends","Kamila Shamsie","https://covers.openlibrary.org/b/id/12953743-L.jpg","",""
"Betsy-Tacy","Maud Hart Lovelace","https://covers.openlibrary.org/b/id/6980391-L.jpg","",""
"Better the Blood","Michael  Bennett","https://covers.openlibrary.org/b/id/13121036-L.jpg","",""
"Between Decisions","W.R. Gingell","https://covers.openlibrary.org/b/id/7712685-L.jpg","",""
"Between Family","W.R. Gingell","https://covers.openlibrary.org/b/id/1162973-L.jpg","",""
"Between Floors","W.R. Gingell","https://covers.openlibrary.org/b/id/11315556-L.jpg","OL24635786W","https://openlibrary.org/works/OL24635786W"
"Between Homes","W.R. Gingell","https://books.google.com/books/content?id=C5F0EAAAQBAJ&printsec=frontcover&img=1&zoom=2&edge=curl&source=gbs_api","",""
"Between Jobs","W.R. Gingell","https://covers.openlibrary.org/b/id/9204119-L.jpg","",""
"Between Kings","W.R. Gingell","https://covers.openlibrary.org/b/id/8795805-L.jpg","",""
"Between Shades of Gray","Ruta Sepetys","https://books.google.com/books/content?id=AjwdDgAAQBAJ&printsec=frontcover&img=1&zoom=2&edge=curl&source=gbs_api","",""
"Between Shifts","W.R. Gingell","https://covers.openlibrary.org/b/id/13115185-L.jpg","OL33037640W","https://openlibrary.org/works/OL33037640W"
"Between Two Fires","Christopher Buehlman","https://books.google.com/books/content?id=1b1-tgAACAAJ&printsec=frontcover&img=1&zoom=2&source=gbs_api","",""
"Between Two Kingdoms: A Memoir of a Life Interrupted","Suleika Jaouad","https://covers.openlibrary.org/b/id/9334048-L.jpg","",""
"Between You and Me","Lisa    Hall","https://covers.openlibrary.org/b/id/14828136-L.jpg","",""
"Beyond the Wand: The Magic & Mayhem of Growing Up a Wizard","Tom Felton","https://covers.openlibrary.org/b/id/12975513-L.jpg","",""
"Big Little Lies","Liane Moriarty","https://covers.openlibrary.org/b/id/7352410-L.jpg","",""
"Birthmarked","Caragh M. O'Brien","https://covers.openlibrary.org/b/id/7020779-L.jpg","",""
"Bitten","Kelley Armstrong","https://covers.openlibrary.org/b/id/13323668-L.jpg","",""
"Bitter Spirits","Jenn Bennett","https://covers.openlibrary.org/b/id/7658667-L.jpg","",""
"Black Magic Sanction","Kim Harrison","https://covers.openlibrary.org/b/id/6302274-L.jpg","",""
"Black Sun","Rebecca Roanhorse","https://covers.openlibrary.org/b/id/10357412-L.jpg","",""
"Bless Your Heart","Kimbra Swain","https://covers.openlibrary.org/b/id/8864692-L.jpg","OL20213321W","https://openlibrary.org/works/OL20213321W"
"Blood Bound","Patricia Briggs","https://covers.openlibrary.org/b/id/284401-L.jpg","",""
"Blood Cross","Faith Hunter","https://covers.openlibrary.org/b/id/9909234-L.jpg","",""
"Blood Heir","Amélie Wen Zhao","https://covers.openlibrary.org/b/id/10721773-L.jpg","",""
"Blood Promise","Richelle Mead","https://covers.openlibrary.org/b/id/13765694-L.jpg","",""
"Blood Sugar","Sascha Rothchild","https://covers.openlibrary.org/b/id/12718991-L.jpg","",""
"Bloodline Gypsy","Shirley Martin","https://books.google.com/books/content?id=TARWqb9QL50C&printsec=frontcover&img=1&zoom=2&edge=curl&source=gbs_api","OL30253981W","https://openlibrary.org/works/OL30253981W"
"Bloodline Gypsy: Jook and Gypsies","Shirley A. Martin","https://books.google.com/books/content?id=TARWqb9QL50C&printsec=frontcover&img=1&zoom=2&edge=curl&source=gbs_api","",""
"Blue Hat, Green Hat","Sandra Boynton","https://covers.openlibrary.org/b/id/405669-L.jpg","",""
"Blue Lily, Lily Blue","Maggie Stiefvater","https://covers.openlibrary.org/b/id/15127797-L.jpg","",""
"Bone Crossed","Patricia Briggs","https://covers.openlibrary.org/b/id/10547572-L.jpg","",""
"Born at Midnight","C.C. Hunter","https://covers.openlibrary.org/b/id/6961738-L.jpg","",""
"Born of Fire","Sherrilyn Kenyon","https://covers.openlibrary.org/b/id/8753798-L.jpg","",""
"Born of Night","Sherrilyn Kenyon","https://covers.openlibrary.org/b/id/6889250-L.jpg","OL16076186W","https://openlibrary.org/works/OL16076186W"
"Bossypants","Tina Fey","https://covers.openlibrary.org/b/id/6717606-L.jpg","OL15703704W","https://openlibrary.org/works/OL15703704W"
"Brave New World","Aldous Huxley","https://covers.openlibrary.org/b/id/14352364-L.jpg","",""
"Bread and Jam for Frances (Frances the Badger)","Russell Hoban","https://covers.openlibrary.org/b/isbn/9780064430968-L.jpg","",""
"Breaking Dawn","Stephenie Meyer","https://covers.openlibrary.org/b/id/12643419-L.jpg","OL5720022W","https://openlibrary.org/works/OL5720022W"
"Bridge of Birds","Barry Hughart","https://covers.openlibrary.org/b/id/207103-L.jpg","",""
"Bridge to Terabithia","Katherine Paterson","https://covers.openlibrary.org/b/id/12627324-L.jpg","",""
"Bright We Burn","Kiersten White","https://covers.openlibrary.org/b/id/8811539-L.jpg","OL19748557W","https://openlibrary.org/works/OL19748557W"
"Bright Young Women","Jessica Knoll","https://covers.openlibrary.org/b/id/13825996-L.jpg","",""
"Brisingr","Christopher Paolini","https://covers.openlibrary.org/b/id/14848397-L.jpg","",""
"Britt-Marie Was Here","Fredrik Backman","https://covers.openlibrary.org/b/id/14402545-L.jpg","",""
"Broken Symmetry","Dan Rix","https://covers.openlibrary.org/b/id/10837254-L.jpg","",""
"Brooke Shields Is Not Allowed to Get Old: Thoughts on Aging as a Woman","Brooke Shields","https://covers.openlibrary.org/b/isbn/9780349441917-L.jpg","",""
"Brooklyn","Colm Tóibín","https://covers.openlibrary.org/b/id/5722548-L.jpg","",""
"Brother","David Chariandy","https://covers.openlibrary.org/b/id/8507755-L.jpg","",""
"Brown Bear, Brown Bear, What Do You See?","Bill Martin Jr.","https://covers.openlibrary.org/b/id/12816865-L.jpg","",""
"Bullet","Laurell K. Hamilton","https://covers.openlibrary.org/b/id/6304217-L.jpg","",""
"Bury Our Bones in the Midnight Soil","V.E. Schwab","https://books.google.com/books/content?id=vAnK0AEACAAJ&printsec=frontcover&img=1&zoom=2&source=gbs_api","",""
"Burying Water","K.A. Tucker","https://covers.openlibrary.org/b/id/9533239-L.jpg","",""
"But Not the Hippopotamus","Sandra Boynton","https://covers.openlibrary.org/b/id/405634-L.jpg","",""
"By Any Other Name","Jodi Picoult","https://covers.openlibrary.org/b/id/15115075-L.jpg","OL37569397W","https://openlibrary.org/works/OL37569397W"
"California Girl","T. Jefferson Parker","https://covers.openlibrary.org/b/id/1952865-L.jpg","OL40846W","https://openlibrary.org/works/OL40846W"
"Call Down the Hawk","Maggie Stiefvater","https://covers.openlibrary.org/b/id/9156808-L.jpg","",""
"Camino Island","John Grisham","https://covers.openlibrary.org/b/id/9323605-L.jpg","OL17931101W","https://openlibrary.org/works/OL17931101W"
"Caraval","Stephanie Garber","https://covers.openlibrary.org/b/id/15130160-L.jpg","",""
"Carry On, Warrior: Thoughts on Life Unarmed","Glennon Doyle","https://covers.openlibrary.org/b/id/7612526-L.jpg","",""
"Case Study","Graeme Macrae Burnet","https://covers.openlibrary.org/b/id/14426479-L.jpg","",""
"Caste: The Origins of Our Discontents","Isabel Wilkerson","https://covers.openlibrary.org/b/id/14650657-L.jpg","",""
"Cat Person","Kristen Roupenian","https://covers.openlibrary.org/b/id/9201464-L.jpg","OL20559430W","https://openlibrary.org/works/OL20559430W"
"Catching Fire","Suzanne Collins","https://covers.openlibrary.org/b/id/14649869-L.jpg","",""
"Catherine the Great: Portrait of a Woman","Robert K. Massie","https://covers.openlibrary.org/b/id/6967389-L.jpg","",""
"Celine","Peter Heller","https://covers.openlibrary.org/b/isbn/1524751065-L.jpg","",""
"Centennial","James A. Michener","https://covers.openlibrary.org/b/id/4635784-L.jpg","OL2385281W","https://openlibrary.org/works/OL2385281W"
"Champion","Marie Lu","https://covers.openlibrary.org/b/id/10528948-L.jpg","",""
"Chaos Walking: A Trilogy","Patrick Ness","https://books.google.com/books/content?id=srdIAgAAQBAJ&printsec=frontcover&img=1&zoom=2&edge=curl&source=gbs_api","",""
"Chaos: Charles Manson, the CIA, and the Secret History of the Sixties","Tom O'Neill","https://books.google.com/books/content?id=zG92DwAAQBAJ&printsec=frontcover&img=1&zoom=2&edge=curl&source=gbs_api","",""
"Charlotte’s Web","Garth Williams","https://covers.openlibrary.org/b/id/11182657-L.jpg","",""
"Chasing Harry Winston","Lauren Weisberger","https://covers.openlibrary.org/b/id/8277909-L.jpg","",""
"Child 44","Tom Rob Smith","https://covers.openlibrary.org/b/id/6472264-L.jpg","",""
"Children of Blood and Bone","Tomi Adeyemi","https://covers.openlibrary.org/b/id/8736845-L.jpg","",""
"Choosing Civility","P.M. Forni","https://covers.openlibrary.org/b/id/178929-L.jpg","",""
"Chosen","Denise Grover Swank","https://covers.openlibrary.org/b/id/10659184-L.jpg","",""
"Cilka's Journey","Heather   Morris","https://covers.openlibrary.org/b/id/10837692-L.jpg","",""
"Cinder","Marissa Meyer","https://covers.openlibrary.org/b/id/10386402-L.jpg","",""
"Circe","Madeline Miller","https://covers.openlibrary.org/b/id/8283869-L.jpg","",""
"Circle of Days","Ken Follett","https://books.google.com/books/content?id=P47v0AEACAAJ&printsec=frontcover&img=1&zoom=2&source=gbs_api","",""
"Citizen Hearst: A Biography of William Randolph Hearst","W.A. Swanberg","https://covers.openlibrary.org/b/id/681314-L.jpg","",""
"City of Ashes","Cassandra Clare","https://covers.openlibrary.org/b/id/1787130-L.jpg","",""
"City of Bones","Cassandra Clare","https://covers.openlibrary.org/b/id/14812842-L.jpg","",""
"City of Fallen Angels","Cassandra Clare","https://covers.openlibrary.org/b/id/14649562-L.jpg","",""
"City of Girls","Elizabeth Gilbert","https://covers.openlibrary.org/b/id/8578230-L.jpg","OL19756861W","https://openlibrary.org/works/OL19756861W"
"City of Glass","Cassandra Clare","https://covers.openlibrary.org/b/id/13151192-L.jpg","",""
"City of Lost Souls","Cassandra Clare","https://covers.openlibrary.org/b/id/8200902-L.jpg","",""
"Clade","James  Bradley","https://covers.openlibrary.org/b/id/12853908-L.jpg","OL21095792W","https://openlibrary.org/works/OL21095792W"
"Clean Sweep","Ilona Andrews","https://covers.openlibrary.org/b/id/13132413-L.jpg","OL19993440W","https://openlibrary.org/works/OL19993440W"
"Click, Clack, Moo: Cows That Type","Doreen Cronin","https://covers.openlibrary.org/b/id/14605809-L.jpg","",""
"Clock Dance","Anne Tyler","https://covers.openlibrary.org/b/id/8202391-L.jpg","OL21201541W","https://openlibrary.org/works/OL21201541W"
"Clockwise","Elle Strauss","https://covers.openlibrary.org/b/id/10846090-L.jpg","OL24326082W","https://openlibrary.org/works/OL24326082W"
"Clockwiser","Elle Strauss","https://covers.openlibrary.org/b/id/10846090-L.jpg","OL24326082W","https://openlibrary.org/works/OL24326082W"
"Clockwork Angel","Cassandra Clare","https://covers.openlibrary.org/b/id/13149905-L.jpg","",""
"Clockwork Prince","Cassandra Clare","https://covers.openlibrary.org/b/id/6934916-L.jpg","",""
"Clockwork Princess","Cassandra Clare","https://covers.openlibrary.org/b/id/13149915-L.jpg","",""
"Closer Home","Kerry Anne King","https://covers.openlibrary.org/b/id/8905551-L.jpg","OL20249649W","https://openlibrary.org/works/OL20249649W"
"Code Name Verity","Elizabeth Wein","https://covers.openlibrary.org/b/id/10861388-L.jpg","",""
"Codependent No More: How to Stop Controlling Others and Start Caring for Yourself","Melody Beattie","https://covers.openlibrary.org/b/id/6602780-L.jpg","",""
"Columbine","Dave Cullen","https://covers.openlibrary.org/b/id/6885875-L.jpg","",""
"Conditional Citizens: On Belonging in America","Laila Lalami","https://covers.openlibrary.org/b/id/10488605-L.jpg","",""
"Confessions on the 7:45","Lisa Unger","https://covers.openlibrary.org/b/id/10469337-L.jpg","",""
"Consider Phlebas","Iain M. Banks","https://books.google.com/books/content?id=JZmTQgAACAAJ&printsec=frontcover&img=1&zoom=2&source=gbs_api","",""
"Conversations with God","Neale Donald Walsch","https://covers.openlibrary.org/b/id/6463901-L.jpg","",""
"Count My Lies","Sophie Stava","https://books.google.com/books/content?id=lOAPEQAAQBAJ&printsec=frontcover&img=1&zoom=2&edge=curl&source=gbs_api","",""
"Crank","Ellen Hopkins","https://covers.openlibrary.org/b/id/14315096-L.jpg","",""
"Crimes Against Magic","Steve McHugh","https://covers.openlibrary.org/b/id/10420108-L.jpg","OL22057696W","https://openlibrary.org/works/OL22057696W"
"Crooked Kingdom","Leigh Bardugo","https://covers.openlibrary.org/b/id/12667428-L.jpg","OL17597665W","https://openlibrary.org/works/OL17597665W"
"Crooked Letter, Crooked Letter","Tom Franklin","https://covers.openlibrary.org/b/id/6608037-L.jpg","",""
"Cruel Beauty","Rosamund Hodge","https://covers.openlibrary.org/b/id/14846536-L.jpg","",""
"Cry Wolf","Patricia Briggs","https://covers.openlibrary.org/b/id/12671381-L.jpg","",""
"Cry, the Beloved Country","Alan Paton","https://covers.openlibrary.org/b/id/8235289-L.jpg","OL2384132W","https://openlibrary.org/works/OL2384132W"
"Cue the Sun! The Invention of Reality TV","Emily Nussbaum","https://books.google.com/books/content?id=GObnEAAAQBAJ&printsec=frontcover&img=1&zoom=2&edge=curl&source=gbs_api","",""
"Curious George","H.A. Rey","https://covers.openlibrary.org/b/id/6482322-L.jpg","OL8217475W","https://openlibrary.org/works/OL8217475W"
"Curse of the Narrows","Laura Mac Donald","https://covers.openlibrary.org/b/id/479-L.jpg","",""
"Cursed","Benedict Jacka","https://covers.openlibrary.org/b/id/7516895-L.jpg","",""
"Cut and Thirst","Margaret Atwood","https://books.google.com/books/content?id=zuFAEQAAQBAJ&printsec=frontcover&img=1&zoom=2&edge=curl&source=gbs_api","",""
"Cutting for Stone","Abraham   Verghese","https://books.google.com/books/content?id=po_3H5c7UtkC&printsec=frontcover&img=1&zoom=2&edge=curl&source=gbs_api","",""
"CyberStorm","Matthew Mather","https://covers.openlibrary.org/b/id/8541860-L.jpg","",""
"Dad's Maybe Book","Tim O'Brien","https://covers.openlibrary.org/b/id/9012390-L.jpg","",""
"Daisy Jones & The Six","Taylor Jenkins Reid","https://covers.openlibrary.org/b/id/8742674-L.jpg","",""
"Daisy's War","Shayne Parkinson","https://covers.openlibrary.org/b/id/13089258-L.jpg","OL25847153W","https://openlibrary.org/works/OL25847153W"
"Dandelion Iron","Aaron Michael Ritchey","https://covers.openlibrary.org/b/id/8885230-L.jpg","OL20231506W","https://openlibrary.org/works/OL20231506W"
"Dandelion Wine","Ray Bradbury","https://covers.openlibrary.org/b/id/404820-L.jpg","",""
"Dantes Inferno: Zur Geschichte der Hollenvermessung und des Hollentrichtermotivs","Henrik Engel","https://covers.openlibrary.org/b/isbn/9783422066328-L.jpg","",""
"Dark Genesis","A.D. Koboah","https://covers.openlibrary.org/b/id/209410-L.jpg","",""
"Dark Hunt","Kim  Richardson","https://covers.openlibrary.org/b/id/10178439-L.jpg","OL20862363W","https://openlibrary.org/works/OL20862363W"
"Dark Magick","Cate Tiernan","https://covers.openlibrary.org/b/id/108614-L.jpg","",""
"Dark Matter","Blake Crouch","https://covers.openlibrary.org/b/id/8397279-L.jpg","",""
"Dark Matter","Michelle Paver","https://covers.openlibrary.org/b/id/11614782-L.jpg","",""
"Dark Possession","Christine Feehan","https://covers.openlibrary.org/b/id/13238123-L.jpg","",""
"Dark Prince","Christine Feehan","https://covers.openlibrary.org/b/id/641355-L.jpg","",""
"Dark Stranger: The Dream","I.T. Lucas","https://covers.openlibrary.org/b/id/10675774-L.jpg","",""
"Dark Tide","Stephen Puleo","https://covers.openlibrary.org/b/id/588044-L.jpg","",""
"Darkdawn","Jay Kristoff","https://covers.openlibrary.org/b/id/8918878-L.jpg","OL20261819W","https://openlibrary.org/works/OL20261819W"
"Darkfever","Karen Marie Moning","https://covers.openlibrary.org/b/id/9259011-L.jpg","",""
"Darkfire","Garrett Robinson","https://covers.openlibrary.org/b/id/12507605-L.jpg","OL26918467W","https://openlibrary.org/works/OL26918467W"
"Darling Rose Gold","Stephanie Wrobel","https://covers.openlibrary.org/b/id/9309659-L.jpg","",""
"Daughter of Smoke & Bone","Laini Taylor","https://covers.openlibrary.org/b/id/7064457-L.jpg","OL16103268W","https://openlibrary.org/works/OL16103268W"
"Daughter of Time Trilogy","Erec Stebbins","https://covers.openlibrary.org/b/id/10302610-L.jpg","",""
"Daughter of the Blood","Anne Bishop","https://covers.openlibrary.org/b/id/294893-L.jpg","",""
"Days of Distraction","Alexandra Chang","https://covers.openlibrary.org/b/id/9423919-L.jpg","",""
"Dead Ever After","Charlaine Harris","https://covers.openlibrary.org/b/id/7254832-L.jpg","OL16802623W","https://openlibrary.org/works/OL16802623W"
"Dead Reckoning","Charlaine Harris","https://covers.openlibrary.org/b/id/6683160-L.jpg","OL15670556W","https://openlibrary.org/works/OL15670556W"
"Dead Witch Walking","Kim Harrison","https://covers.openlibrary.org/b/id/30234-L.jpg","OL5888091W","https://openlibrary.org/works/OL5888091W"
"Deadly Sting","Jennifer Estep","https://covers.openlibrary.org/b/id/7804847-L.jpg","",""
"Deal Breaker","Harlan Coben","https://covers.openlibrary.org/b/id/8739250-L.jpg","OL79323W","https://openlibrary.org/works/OL79323W"
"Dear Edward","Ann Napolitano","https://covers.openlibrary.org/b/id/9247193-L.jpg","OL20624674W","https://openlibrary.org/works/OL20624674W"
"Dear Fahrenheit 451: Love and Heartbreak in the Stacks","Annie Spence","https://covers.openlibrary.org/b/id/14456877-L.jpg","",""
"Dear Mrs. Bird","A.J. Pearce","https://covers.openlibrary.org/b/id/12398753-L.jpg","",""
"Death of a Salesman","Arthur Miller","https://covers.openlibrary.org/b/id/274953-L.jpg","",""
"Deceit","Nick van der Leek","https://covers.openlibrary.org/b/id/10346679-L.jpg","",""
"Deep Survival: Who Lives, Who Dies, and Why","Laurence Gonzales","https://covers.openlibrary.org/b/id/14457211-L.jpg","",""
"Deep Work: Rules for Focused Success in a Distracted World","Cal Newport","https://covers.openlibrary.org/b/id/14859612-L.jpg","",""
"Deep as the Sky, Red as the Sea","Rita Chang-Eppig","https://covers.openlibrary.org/b/id/13786298-L.jpg","",""
"Defiance","C.J. Redwine","https://covers.openlibrary.org/b/id/8141905-L.jpg","",""
"Delirium","Lauren Oliver","https://covers.openlibrary.org/b/id/7237236-L.jpg","",""
"Demon Copperhead","Barbara Kingsolver","https://covers.openlibrary.org/b/id/13141227-L.jpg","OL27052926W","https://openlibrary.org/works/OL27052926W"
"Departure","A.G. Riddle","https://covers.openlibrary.org/b/id/9589212-L.jpg","OL18818806W","https://openlibrary.org/works/OL18818806W"
"Destined for an Early Grave","Jeaniene Frost","https://covers.openlibrary.org/b/id/6302342-L.jpg","",""
"Devil's Paw","Debra Dunbar","https://covers.openlibrary.org/b/id/8535675-L.jpg","OL19622083W","https://openlibrary.org/works/OL19622083W"
"Digital Minimalism: Choosing a Focused Life in a Noisy World","Cal Newport","https://covers.openlibrary.org/b/id/8507540-L.jpg","",""
"Dime Store Magic","Kelley Armstrong","https://covers.openlibrary.org/b/id/13324866-L.jpg","",""
"Displaced","David Korson","https://covers.openlibrary.org/b/id/10114074-L.jpg","OL22204072W","https://openlibrary.org/works/OL22204072W"
"Divergent","Veronica Roth","https://covers.openlibrary.org/b/id/13274634-L.jpg","OL15719630W","https://openlibrary.org/works/OL15719630W"
"Divergent Series Complete Box Set (Divergent, #1-3)","Veronica Roth","https://covers.openlibrary.org/b/id/10310686-L.jpg","",""
"Do No Harm: Stories of Life, Death and Brain Surgery","Henry Marsh","https://covers.openlibrary.org/b/id/10439677-L.jpg","",""
"Doctor Sleep","Stephen  King","https://covers.openlibrary.org/b/id/14652972-L.jpg","",""
"Don Quixote","Miguel de Cervantes Saavedra","https://covers.openlibrary.org/b/id/2009480-L.jpg","OL25543788W","https://openlibrary.org/works/OL25543788W"
"Don't Let the Pigeon Drive the Bus!","Mo Willems","https://covers.openlibrary.org/b/id/894916-L.jpg","",""
"Don't Make a Sound","T.R. Ragan","https://covers.openlibrary.org/b/id/4309830-L.jpg","OL20757083W","https://openlibrary.org/works/OL20757083W"
"Don't Waste Your Life","John      Piper","https://books.google.com/books/content?id=jgYaHC2Dn5wC&printsec=frontcover&img=1&zoom=2&source=gbs_api","",""
"Donnie Brasco","Joseph D. Pistone","https://covers.openlibrary.org/b/id/6492926-L.jpg","",""
"Doomsday Book","Connie Willis","https://covers.openlibrary.org/b/id/9636186-L.jpg","",""
"Down to Earth: Christian Hope and Climate Change","Richard A. Floyd","https://covers.openlibrary.org/b/id/14719828-L.jpg","",""
"Dracula","Bram Stoker","https://covers.openlibrary.org/b/id/11993677-L.jpg","",""
"Dragons of Autumn Twilight","Margaret Weis","https://covers.openlibrary.org/b/id/13154717-L.jpg","",""
"Dreadful","Caitlin Rozakis","https://books.google.com/books/content?id=vZfLEAAAQBAJ&printsec=frontcover&img=1&zoom=2&source=gbs_api","",""
"Dreams Lie Beneath","Rebecca   Ross","https://covers.openlibrary.org/b/id/12366209-L.jpg","OL26413608W","https://openlibrary.org/works/OL26413608W"
"Driven by Eternity: 40-Day Devotional: Make your life count today and forever","John Bevere","https://books.google.com/books/content?id=xIG4DAEACAAJ&printsec=frontcover&img=1&zoom=2&source=gbs_api","",""
"Driving Mr. Albert: A Trip Across America with Einstein's Brain","Michael Paterniti","https://books.google.com/books/content?id=Zg2bYwogl2IC&printsec=frontcover&img=1&zoom=2&edge=curl&source=gbs_api","",""
"Driving Over Lemons: An Optimist in Andalucía","Chris  Stewart","https://covers.openlibrary.org/b/id/10145853-L.jpg","",""
"Drowning with Others","Linda Keir","https://covers.openlibrary.org/b/id/10147914-L.jpg","OL20839819W","https://openlibrary.org/works/OL20839819W"
"Dune","Frank Herbert","https://covers.openlibrary.org/b/id/11481354-L.jpg","OL893415W","https://openlibrary.org/works/OL893415W"
"Dust","Hugh Howey","https://covers.openlibrary.org/b/id/10054840-L.jpg","OL17623070W","https://openlibrary.org/works/OL17623070W"
"Eclipse","Stephenie Meyer","https://covers.openlibrary.org/b/id/12643338-L.jpg","",""
"Educated","Tara Westover","https://covers.openlibrary.org/b/id/14832082-L.jpg","",""
"Eight Hundred Grapes","Laura Dave","https://covers.openlibrary.org/b/id/10345557-L.jpg","OL20034548W","https://openlibrary.org/works/OL20034548W"
"Eldest","Christopher Paolini","https://covers.openlibrary.org/b/id/6748903-L.jpg","",""
"Eleanor & Park","Rainbow Rowell","https://covers.openlibrary.org/b/id/15163065-L.jpg","",""
"Eleanor Oliphant Is Completely Fine","Gail Honeyman","https://covers.openlibrary.org/b/id/8415055-L.jpg","",""
"Eliza and Her Monsters","Francesca Zappia","https://covers.openlibrary.org/b/id/12402063-L.jpg","",""
"Elon Musk","Walter Isaacson","https://covers.openlibrary.org/b/id/14420016-L.jpg","",""
"Elven Blood","Debra Dunbar","https://covers.openlibrary.org/b/id/14652445-L.jpg","OL26602760W","https://openlibrary.org/works/OL26602760W"
"Emily Wilde's Encyclopaedia of Faeries","Heather Fawcett","https://covers.openlibrary.org/b/id/13131596-L.jpg","OL27411628W","https://openlibrary.org/works/OL27411628W"
"Emma","Jane Austen","https://covers.openlibrary.org/b/id/12991890-L.jpg","",""
"Empire of the Damned","Jay Kristoff","https://covers.openlibrary.org/b/id/15150791-L.jpg","OL37564113W","https://openlibrary.org/works/OL37564113W"
"Empire of the Summer Moon: Quanah Parker and the Rise and Fall of the Comanches, the Most Powerful Indian Tribe in American History","S.C. Gwynne","https://books.google.com/books/content?id=_zlqngEACAAJ&printsec=frontcover&img=1&zoom=2&source=gbs_api","",""
"Empire of the Vampire","Bon Orthwick","https://covers.openlibrary.org/b/id/11270290-L.jpg","",""
"Ender’s Game","Orson Scott Card","https://covers.openlibrary.org/b/id/13775381-L.jpg","",""
"Endurance: Shackleton's Incredible Voyage","Alfred Lansing","https://covers.openlibrary.org/b/id/540107-L.jpg","OL874157W","https://openlibrary.org/works/OL874157W"
"Enemy of the People: The Untold Story of the Journalists Who Opposed Hitler","Terrence Petty","https://covers.openlibrary.org/b/isbn/9781542042413-L.jpg","",""
"Enigma Black","Sara Furlong Burr","https://covers.openlibrary.org/b/id/10207035-L.jpg","",""
"Eragon","Christopher Paolini","https://covers.openlibrary.org/b/id/12848703-L.jpg","",""
"Erotic Stories for Punjabi Widows","Balli Kaur Jaswal","https://covers.openlibrary.org/b/id/13134302-L.jpg","",""
"Etched in Bone","Anne Bishop","https://covers.openlibrary.org/b/id/8825405-L.jpg","OL20048406W","https://openlibrary.org/works/OL20048406W"
"Eternal Kiss of Darkness","Jeaniene Frost","https://covers.openlibrary.org/b/id/6454402-L.jpg","",""
"Evelyn, After","Victoria Helen Stone","https://covers.openlibrary.org/b/id/12836721-L.jpg","OL20043091W","https://openlibrary.org/works/OL20043091W"
"Ever After","Kim Harrison","https://covers.openlibrary.org/b/id/11628900-L.jpg","",""
"Evermore","Alyson Noel","https://covers.openlibrary.org/b/id/6425997-L.jpg","OL11929006W","https://openlibrary.org/works/OL11929006W"
"Every Heart a Doorway","Seanan McGuire","https://covers.openlibrary.org/b/id/7433973-L.jpg","",""
"Every Last Secret","A.R. Torre","https://covers.openlibrary.org/b/isbn/9781542020183-L.jpg","",""
"Every Vow You Break","Peter  Swanson","https://covers.openlibrary.org/b/id/10837302-L.jpg","",""
"Every Which Way But Dead","Kim Harrison","https://covers.openlibrary.org/b/id/30237-L.jpg","OL5888093W","https://openlibrary.org/works/OL5888093W"
"Everybody Lies: Big Data, New Data, and What the Internet Can Tell Us About Who We Really Are","Seth Stephens-Davidowitz","https://covers.openlibrary.org/b/isbn/9780062390851-L.jpg","",""
"Everyone Is Watching","Heather Gudenkauf","https://covers.openlibrary.org/b/id/14603218-L.jpg","OL37612217W","https://openlibrary.org/works/OL37612217W"
"Everyone in My Family Has Killed Someone","Benjamin   Stevenson","https://covers.openlibrary.org/b/id/13260574-L.jpg","",""
"Everything Happens for a Reason: And Other Lies I've Loved","Kate Bowler","https://covers.openlibrary.org/b/id/8133590-L.jpg","",""
"Everything Here Is Beautiful","Mira T. Lee","https://covers.openlibrary.org/b/id/8552568-L.jpg","",""
"Everything I Never Told You","Celeste Ng","https://covers.openlibrary.org/b/id/7383473-L.jpg","OL17295077W","https://openlibrary.org/works/OL17295077W"
"Everything is Illuminated","Jonathan Safran Foer","https://covers.openlibrary.org/b/id/27640-L.jpg","",""
"Everything, Everything","Nicola Yoon","https://covers.openlibrary.org/b/id/8159408-L.jpg","",""
"Evvie Drake Starts Over","Linda  Holmes","https://covers.openlibrary.org/b/id/8748951-L.jpg","",""
"Exposure","Kathy Reichs","https://covers.openlibrary.org/b/id/12012907-L.jpg","",""
"Factfulness: Ten Reasons We're Wrong About the World – and Why Things Are Better Than You Think","Hans Rosling","https://covers.openlibrary.org/b/id/9168316-L.jpg","",""
"Fahrenheit 451","Ray Bradbury","https://covers.openlibrary.org/b/id/12993656-L.jpg","OL103123W","https://openlibrary.org/works/OL103123W"
"Faking It: The Lies Women Tell about Sex--And the Truths They Reveal","Lux Alptraum","https://covers.openlibrary.org/b/isbn/9781580057653-L.jpg","",""
"Fall on Your Knees","Ann-Marie MacDonald","https://books.google.com/books/content?id=HsgMVk8q6h4C&printsec=frontcover&img=1&zoom=2&source=gbs_api","",""
"Fallen","Lauren Kate","https://covers.openlibrary.org/b/id/6597605-L.jpg","OL15299819W","https://openlibrary.org/works/OL15299819W"
"Family","J. California Cooper","https://covers.openlibrary.org/b/id/4032505-L.jpg","OL1891605W","https://openlibrary.org/works/OL1891605W"
"Family of Liars","E. Lockhart","https://covers.openlibrary.org/b/id/12728811-L.jpg","OL26909900W","https://openlibrary.org/works/OL26909900W"
"Famous Last Words","Gillian McAllister","https://books.google.com/books/content?id=bLCz0AEACAAJ&printsec=frontcover&img=1&zoom=2&source=gbs_api","",""
"FantasticLand","Mike Bockoven","https://covers.openlibrary.org/b/id/8900173-L.jpg","",""
"Fantasy of Fire","Kelly St. Clare","https://covers.openlibrary.org/b/id/11226968-L.jpg","OL24573622W","https://openlibrary.org/works/OL24573622W"
"Fantasy of Flight","Kelly St. Clare","https://covers.openlibrary.org/b/id/11089137-L.jpg","OL24477969W","https://openlibrary.org/works/OL24477969W"
"Fantasy of Frost","Kelly St. Clare","https://covers.openlibrary.org/b/id/11035310-L.jpg","OL27111620W","https://openlibrary.org/works/OL27111620W"
"Far and Away","Amy Poeppel","https://books.google.com/books/content?id=T5NdEQAAQBAJ&printsec=frontcover&img=1&zoom=2&edge=curl&source=gbs_api","OL42439006W","https://openlibrary.org/works/OL42439006W"
"Far from the Tree","Robin Benway","https://covers.openlibrary.org/b/id/8797750-L.jpg","OL19664746W","https://openlibrary.org/works/OL19664746W"
"Fated","Benedict Jacka","https://covers.openlibrary.org/b/id/7804868-L.jpg","",""
"Fates and Furies","Lauren Groff","https://covers.openlibrary.org/b/id/9295607-L.jpg","OL17830264W","https://openlibrary.org/works/OL17830264W"
"Feed","Mira Grant","https://books.google.com/books/content?id=nsI7lwEACAAJ&printsec=frontcover&img=1&zoom=2&source=gbs_api","",""
"Finale","Stephanie Garber","https://covers.openlibrary.org/b/id/8802288-L.jpg","",""
"Fire Touched","Patricia Briggs","https://covers.openlibrary.org/b/id/12756644-L.jpg","",""
"Firefly Lane","Kristin Hannah","https://covers.openlibrary.org/b/id/2370853-L.jpg","",""
"First Frost","Jennifer Estep","https://covers.openlibrary.org/b/id/7374009-L.jpg","OL26322818W","https://openlibrary.org/works/OL26322818W"
"First Grave on the Right","Darynda Jones","https://covers.openlibrary.org/b/id/8260857-L.jpg","",""
"First Lie Wins","Ashley Elston","https://covers.openlibrary.org/b/id/14562551-L.jpg","OL37505495W","https://openlibrary.org/works/OL37505495W"
"First Shift: Legacy","Hugh Howey","https://covers.openlibrary.org/b/id/7516034-L.jpg","OL17406591W","https://openlibrary.org/works/OL17406591W"
"Five Broken Blades","Mai Corland","https://covers.openlibrary.org/b/id/14810912-L.jpg","",""
"Flashlight","Susan Choi","https://covers.openlibrary.org/b/id/15111652-L.jpg","OL42408368W","https://openlibrary.org/works/OL42408368W"
"Flesh","Kylie Scott","https://covers.openlibrary.org/b/id/10183529-L.jpg","OL20865955W","https://openlibrary.org/works/OL20865955W"
"Flowers for Algernon","Daniel Keyes","https://covers.openlibrary.org/b/id/12947700-L.jpg","OL515754W","https://openlibrary.org/works/OL515754W"
"Flowers in the Attic","V.C. Andrews","https://covers.openlibrary.org/b/id/14598487-L.jpg","OL134834W","https://openlibrary.org/works/OL134834W"
"Follow You Home","Mark  Edwards","https://covers.openlibrary.org/b/id/10756031-L.jpg","OL24265525W","https://openlibrary.org/works/OL24265525W"
"For Camelot's Honor","Sarah Zettel","https://covers.openlibrary.org/b/id/221565-L.jpg","",""
"For Darkness Shows the Stars","Diana Peterfreund","https://covers.openlibrary.org/b/id/9708894-L.jpg","",""
"For a Few Demons More","Kim Harrison","https://covers.openlibrary.org/b/id/36213-L.jpg","",""
"Fosgate's Game","David C.   Cassidy","https://covers.openlibrary.org/b/id/10462438-L.jpg","OL22446670W","https://openlibrary.org/works/OL22446670W"
"Found","Harlan Coben","https://covers.openlibrary.org/b/id/7384726-L.jpg","OL17303315W","https://openlibrary.org/works/OL17303315W"
"Four Ruined Realms","Mai Corland","https://books.google.com/books/content?id=lgkJEQAAQBAJ&printsec=frontcover&img=1&zoom=2&source=gbs_api","",""
"Fourth Wing","Rebecca Yarros","https://covers.openlibrary.org/b/id/14605482-L.jpg","",""
"Franny and Zooey","J.D. Salinger","https://covers.openlibrary.org/b/id/190222-L.jpg","",""
"Friday Night Bites","Chloe Neill","https://covers.openlibrary.org/b/id/10353568-L.jpg","OL13652470W","https://openlibrary.org/works/OL13652470W"
"Frog and Toad Are Friends","Arnold Lobel","https://covers.openlibrary.org/b/id/11303047-L.jpg","OL449277W","https://openlibrary.org/works/OL449277W"
"From Blood and Ash","Jennifer L. Armentrout","https://covers.openlibrary.org/b/id/14105538-L.jpg","OL27838518W","https://openlibrary.org/works/OL27838518W"
"From the Mixed-Up Files of Mrs. Basil E. Frankweiler","E.L. Konigsburg","https://covers.openlibrary.org/b/id/10838363-L.jpg","",""
"Frostbite","Richelle Mead","https://covers.openlibrary.org/b/id/13765372-L.jpg","OL8488889W","https://openlibrary.org/works/OL8488889W"
"Full Moon Rising","Keri Arthur","https://covers.openlibrary.org/b/id/373445-L.jpg","",""
"Funny Story","Emily Henry","https://covers.openlibrary.org/b/id/14625690-L.jpg","OL37575890W","https://openlibrary.org/works/OL37575890W"
"Futuristic Violence and Fancy Suits","David  Wong","https://books.google.com/books/content?id=mMeqCgAAQBAJ&printsec=frontcover&img=1&zoom=2&edge=curl&source=gbs_api","",""
"Galveston","Nic Pizzolatto","https://covers.openlibrary.org/b/id/10336854-L.jpg","",""
"Gathering Blue","Lois Lowry","https://covers.openlibrary.org/b/id/244187-L.jpg","",""
"Gemina","Amie Kaufman","https://covers.openlibrary.org/b/id/8738063-L.jpg","",""
"Gentle and Lowly: The Heart of Christ for Sinners and Sufferers","Dane C. Ortlund","https://books.google.com/books/content?id=FzhUxwEACAAJ&printsec=frontcover&img=1&zoom=2&source=gbs_api","",""
"Giggle, Giggle, Quack","Doreen Cronin","https://covers.openlibrary.org/b/id/479216-L.jpg","",""
"Girl in the Rearview Mirror","Kelsey Rae Dimberg","https://covers.openlibrary.org/b/id/10114129-L.jpg","OL20813351W","https://openlibrary.org/works/OL20813351W"
"Girls of Paper and Fire","Natasha Ngan","https://covers.openlibrary.org/b/id/8361792-L.jpg","",""
"Girls' Night Out","Liz Fenton","https://covers.openlibrary.org/b/id/14010361-L.jpg","",""
"Glass Houses","Rachel Caine","https://covers.openlibrary.org/b/id/294035-L.jpg","OL5814026W","https://openlibrary.org/works/OL5814026W"
"Go Ask Alice","Beatrice Sparks","https://covers.openlibrary.org/b/id/14316350-L.jpg","",""
"Go Set a Watchman","Harper Lee","https://covers.openlibrary.org/b/id/8148454-L.jpg","",""
"Go Tell It on the Mountain","James Baldwin","https://covers.openlibrary.org/b/id/108019-L.jpg","",""
"Go as a River","Shelley Read","https://covers.openlibrary.org/b/id/13191934-L.jpg","",""
"God Touched","John Conroe","https://covers.openlibrary.org/b/id/10706528-L.jpg","OL24232444W","https://openlibrary.org/works/OL24232444W"
"Godsgrave","Jay Kristoff","https://covers.openlibrary.org/b/id/10280547-L.jpg","OL20913736W","https://openlibrary.org/works/OL20913736W"
"Gone 'til November","Wallace Stroby","https://covers.openlibrary.org/b/id/7081905-L.jpg","",""
"Gone with the Wind","Margaret Mitchell","https://covers.openlibrary.org/b/id/285397-L.jpg","",""
"Good Girl, Bad Blood","Holly  Jackson","https://covers.openlibrary.org/b/id/14331103-L.jpg","",""
"Good Omens: The Nice and Accurate Prophecies of Agnes Nutter, Witch","Neil Gaiman","https://covers.openlibrary.org/b/id/14649235-L.jpg","",""
"Good as Gone","Amy Gentry","https://covers.openlibrary.org/b/id/8847947-L.jpg","OL20198106W","https://openlibrary.org/works/OL20198106W"
"Goodnight Beautiful","Aimee Molloy","https://covers.openlibrary.org/b/id/10528653-L.jpg","",""
"Goodnight Max (Max and Ruby)","Rosemary Wells","https://covers.openlibrary.org/b/id/402434-L.jpg","",""
"Goodnight Moon","Margaret Wise Brown","https://covers.openlibrary.org/b/id/10037446-L.jpg","",""
"Gossip Girl","Cecily von Ziegesar","https://covers.openlibrary.org/b/id/12907368-L.jpg","",""
"Gracefully Insane: The Rise and Fall of America's Premier Mental Hospital","Alex Beam","https://covers.openlibrary.org/b/id/12185263-L.jpg","",""
"Graceling","Kristin Cashore","https://covers.openlibrary.org/b/id/6311836-L.jpg","OL15702282W","https://openlibrary.org/works/OL15702282W"
"Gravity","Abigail Boyd","https://covers.openlibrary.org/b/id/97894-L.jpg","OL39819817W","https://openlibrary.org/works/OL39819817W"
"Gray Mountain","John Grisham","https://covers.openlibrary.org/b/id/12452002-L.jpg","",""
"Great Expectations","Kate Flint","https://covers.openlibrary.org/b/id/9280556-L.jpg","",""
"Green Eggs and Ham","Dr. Seuss","https://covers.openlibrary.org/b/id/6507741-L.jpg","",""
"Green Rider","Kristen Britain","https://covers.openlibrary.org/b/id/6609386-L.jpg","",""
"Greenlights","Matthew McConaughey","https://covers.openlibrary.org/b/id/10511285-L.jpg","",""
"Guess How Much I Love You","Sam McBratney","https://covers.openlibrary.org/b/id/13282906-L.jpg","OL58402W","https://openlibrary.org/works/OL58402W"
"Halfway to the Grave","Jeaniene Frost","https://covers.openlibrary.org/b/id/6309505-L.jpg","",""
"Hamlet","Rex Gibson","https://covers.openlibrary.org/b/id/349855-L.jpg","",""
"Hang the Moon","Jeannette Walls","https://covers.openlibrary.org/b/id/14406687-L.jpg","",""
"Hard Magic","Larry Correia","https://covers.openlibrary.org/b/id/7983245-L.jpg","",""
"Harold and the Purple Crayon","Crockett Johnson","https://covers.openlibrary.org/b/id/12075194-L.jpg","",""
"Harry Potter and the Chamber of Secrets","J.K. Rowling","https://covers.openlibrary.org/b/id/15158664-L.jpg","OL82537W","https://openlibrary.org/works/OL82537W"
"Harry Potter and the Prisoner of Azkaban","J.K. Rowling","https://covers.openlibrary.org/b/id/10580435-L.jpg","OL82536W","https://openlibrary.org/works/OL82536W"
"Harry Potter and the Sorcerer's Stone","J.K. Rowling","https://covers.openlibrary.org/b/id/7572543-L.jpg","",""
"Hashimoto's Protocol: A 90-Day Plan for Reversing Thyroid Symptoms and Getting Your Life Back","Izabella Wentz","https://books.google.com/books/content?id=QmieDAAAQBAJ&printsec=frontcover&img=1&zoom=2&edge=curl&source=gbs_api","",""
"Having and Being Had","Eula Biss","https://covers.openlibrary.org/b/id/10371611-L.jpg","",""
"Heart Bones","Colleen Hoover","https://covers.openlibrary.org/b/id/13170122-L.jpg","OL29328354W","https://openlibrary.org/works/OL29328354W"
"Heart of Venom","Jennifer Estep","https://covers.openlibrary.org/b/id/13201924-L.jpg","OL34312365W","https://openlibrary.org/works/OL34312365W"
"Heartbreaker","Julie Garwood","https://covers.openlibrary.org/b/id/759498-L.jpg","",""
"Heating & Cooling: 52 Micro-Memoirs","Beth Ann Fennelly","https://books.google.com/books/content?id=gl2NEAAAQBAJ&printsec=frontcover&img=1&zoom=2&source=gbs_api","OL19171197W","https://openlibrary.org/works/OL19171197W"
"Heaven","Randy Alcorn","https://books.google.com/books/content?id=sxoM9JdrEqIC&printsec=frontcover&img=1&zoom=2&edge=curl&source=gbs_api","",""
"Hekla's Children","James Brogden","https://covers.openlibrary.org/b/id/14474284-L.jpg","",""
"Hell's Princess: The Mystery of Belle Gunness, Butcher of Men","Harold Schechter","https://covers.openlibrary.org/b/isbn/9781503944916-L.jpg","",""
"Hello, Sunshine","Laura Dave","https://covers.openlibrary.org/b/id/14474352-L.jpg","OL20059201W","https://openlibrary.org/works/OL20059201W"
"Her One Mistake","Heidi Perks","https://covers.openlibrary.org/b/id/8797252-L.jpg","OL20152597W","https://openlibrary.org/works/OL20152597W"
"Here","Denise Grover Swank","https://covers.openlibrary.org/b/id/12719018-L.jpg","OL30902018W","https://openlibrary.org/works/OL30902018W"
"Here I Am","Jonathan Safran Foer","https://covers.openlibrary.org/b/id/10835999-L.jpg","",""
"Hex Hall","Rachel Hawkins","https://covers.openlibrary.org/b/id/6303513-L.jpg","",""
"Hidden","Catherine McKenzie","https://covers.openlibrary.org/b/id/8218579-L.jpg","OL17903082W","https://openlibrary.org/works/OL17903082W"
"Hidden Bodies","Caroline Kepnes","https://covers.openlibrary.org/b/id/13055921-L.jpg","",""
"High Achiever: The Incredible True Story of One Addict's Double Life","Tiffany   Jenkins","https://covers.openlibrary.org/b/id/10201997-L.jpg","",""
"His & Hers","Alice Feeney","https://covers.openlibrary.org/b/id/10088461-L.jpg","",""
"Hit List","Laurell K. Hamilton","https://covers.openlibrary.org/b/id/6765697-L.jpg","",""